name,url
Upwork,https://www.upwork.com
Malt,https://www.malt.fr
Freelancer,https://www.freelancer.com
Clutch,https://www.clutch.co
Sortlist,https://www.sortlist.fr
GoodFirms,https://www.goodfirms.co
Kompass,https://tn.kompass.com
Pappers,https://www.pappers.fr
Fiverr Business,https://business.fiverr.com
PeoplePerHour,https://www.peopleperhour.com
Product Hunt,https://www.producthunt.com
TechCrunch,https://techcrunch.com
UTEEK,https://uteek.net
Novatis,https://novatis.tn
Beecoop Agency,https://beecoop-agency.com
Idealump Tunisia,https://idealump.com
Deveoo,https://deveoo.com
WebPlus,https://webplus.tn
Same Team,https://www.sameteam.com.tn/
PixelCode,https://www.pixelcode.tn
Hello Web Tunisie,https://helloweb-hosting.com/
Triweb,https://tri-web.com
The Road,https://agence-web-tunisie.site/
Incept,https://incept.tn
Web Media Tunisie,https://webmedia-tunisie.com
DigitalMania,https://digitalmaniastudio.com
Zahou Tech,https://zahou-tech.com
Iconconcept,https://zahou-tech.com/agence-de-developpement-mobile/
Mega-DEV,https://mega-dev.net
REWEB,https://reweb.tn
Pixeo,https://www.agencewebpixeo.com/
OneTeam,https://www.oneteam.tn/
OwlCom,https://owlcom.tn
Agence Web Sigma,https://agencewebsigma.tn/
Satoripop,https://satoripop.com
24-7 Digital Design,https://24-7digital.com.tn
I4NET,https://i4net.org
Capgemini,https://www.capgemini.com/fr-fr/
Sopra Steria,https://www.soprasteria.com/fr
AKQA,https://www.akqa.com
WPP,https://www.wpp.com
Deloitte Digital,https://www.deloittedigital.com
Accenture Interactive,https://www.accenture.com/us-en/services/interactive-index
Agora Digital,https://agoradigitalagency.com
Digit-U,https://digit-u.com
Tunismart,https://tunismart.com/
Pureclic,https://pureclic.tn/
iTrend,https://itrend.tn/
WebTrend,https://webtrend.tn
DOTS Digital Agency,https://dots.tn
Grow Up Agency,https://growupagency.tn
SKWERE,https://skwere.com
ONLYTECH,https://onlytech.tn
Weby TN,https://webytn.com/
Aurone,https://aurone.com
TSB Commercial,https://tsbcommercial.glitch.me/
Touchlink,https://touchlink.fr
CIBLE,https://cible.tn
Tecyom,https://tecyom.com
Numericia,https://numericia.com
iZiweb,https://iziweb.tn
DIGIA,https://digia.tn
Antares,https://antares.tn
Wedia,https://www.wedia-group.com/fr
Vanksen,https://www.vanksen.com/fr
Brainlabs,https://www.brainlabsdigital.com
Meltwater,https://www.meltwater.com
Adveris,https://www.adveris.fr
Made by Shape,https://www.madebyshape.co.uk
Cyber-Duck,https://www.cyber-duck.co.uk
Studio Meta,https://www.studiometa.fr
KOTA,https://www.kota.co.uk
Propeller,https://www.propeller.co.uk
SEO.fr,https://www.seo.fr
Later,https://www.later.com
Brandwatch,https://www.brandwatch.com
IGS Informatique,https://igs-tunisie.com
Medianet Group,https://medianet.com.tn
Xtensus,https://xtensus.tn
Axon,https://www.axon.tn
New Technologies,https://newtechnologies.tech
Agoragroup,https://www.agoragroup.io
HexaByte,https://hexabyte.tn
Insomea Computer Solutions,https://insomea.com
ITGate Group,https://itgate-group.com
Sotetel,http://www.sotetel.tn
GlobalNet (Gnet),http://www.gnet.tn
Abshore,https://abshore.com
STEPS,https://steps.tn
FabSkill,https://fabskill.com
Aftercode,https://aftercode.tn/fr/
Instadeep,http://www.instadeep.com
Industry X.0,https://www.industryx0.pro
Solixy,http://www.solixy.com
Elokencia,https://www.elokencia.com
Wattnow,https://www.wattnow.io
Cynoia,https://www.cynoia.com
Clarifai,https://www.clarifai.com
Syte,https://www.syte.ai
Pixyle AI,https://www.pixyle.ai
AXELITES,https://www.axelites.com
RISE Technologie,https://www.risetechnologie.com/fr/
MBB INFO,https://mbbinfo.com
Tanit Web,https://tanitweb.com
Wevioo,https://wevioo.com
Telnet,https://groupe-telnet.com/fr/
SmartNet,https://smartnet.tn
YADI Studio,https://yadi.tn
Agence eDirect,https://www.edirect-tunisie.com/
Agence de promotion de l’industrie et de l’innovation (APII),http://www.tunisieindustrie.nat.tn/
